"1","Pl/4x100x25","1","1","4.00","100","25","1","0","0","0","0","../images/Planche.png","0.010","0.010","Bois brut","Planche","M3","1","320000.00","0","320000.00"
"2","Pl/4x100x22","1","1","4.00","100","22","1","0","0","0","0","../images/Planche.png","0.009","0.009","Bois brut","Planche","M3","1","320000.00","0","320000.00"
"3","Pl/4x125x25","1","1","4.00","125","25","1","0","0","0","0","../images/Planche.png","0.013","0.013","Bois brut","Planche","M3","1","320000.00","0","320000.00"
"4","Pl/4x125x22","1","1","4.00","125","22","1","0","0","0","0","../images/Planche.png","0.011","0.011","Bois brut","Planche","M3","1","320000.00","0","320000.00"
"5","Pl/4x150x25","1","1","4.00","150","25","1","0","0","0","0","../images/Planche.png","0.015","0.015","Bois brut","Planche","M3","1","320000.00","0","320000.00"
"6","Pl/4x150x22","1","1","4.00","150","22","1","0","0","0","0","../images/Planche.png","0.013","0.013","Bois brut","Planche","M3","1","320000.00","0","320000.00"
"7","Pl/4x175x25","1","1","4.00","175","25","1","0","0","0","0","../images/Planche.png","0.018","0.018","Bois brut","Planche","M3","4","335000.00","0","335000.00"
"8","Pl/4x175x22","1","1","4.00","175","22","1","0","0","0","0","../images/Planche.png","0.015","0.015","Bois brut","Planche","M3","4","335000.00","0","335000.00"
"9","Pl/2,5x100x25","1","1","2.50","100","25","1","0","0","0","0","../images/Planche.png","0.006","0.006","Bois brut","Planche","M3","1","320000.00","0","320000.00"
"10","Pl/2,5x100x22","1","1","2.50","100","22","1","0","0","0","0","../images/Planche.png","0.006","0.006","Bois brut","Planche","M3","1","320000.00","0","320000.00"
"11","Pl/2,5x125x25","1","1","2.50","125","25","1","0","0","0","0","../images/Planche.png","0.008","0.008","Bois brut","Planche","M3","1","320000.00","0","320000.00"
"12","Pl/2,5x125x22","1","1","2.50","125","22","1","0","0","0","0","../images/Planche.png","0.007","0.007","Bois brut","Planche","M3","1","320000.00","0","320000.00"
"13","Pl/2,5x150x25","1","1","2.50","150","25","1","0","0","0","0","../images/Planche.png","0.009","0.009","Bois brut","Planche","M3","1","320000.00","0","320000.00"
"14","Pl/2,5x150x22","1","1","2.50","150","22","1","0","0","0","0","../images/Planche.png","0.008","0.008","Bois brut","Planche","M3","1","320000.00","0","320000.00"
"15","Pl/2,5x175x25","1","1","2.50","175","25","1","0","0","0","0","../images/Planche.png","0.011","0.011","Bois brut","Planche","M3","4","335000.00","0","335000.00"
"16","Pl/2,5x175x22","1","1","2.50","175","22","1","0","0","0","0","../images/Planche.png","0.010","0.010","Bois brut","Planche","M3","4","335000.00","0","335000.00"
"17","Pl/2x150x25","1","1","2.00","150","25","1","0","0","0","0","../images/Planche.png","0.008","0.008","Bois brut","Planche","M3","1","320000.00","0","320000.00"
"18","Pl/2x150x22","1","1","2.00","150","22","1","0","0","0","0","../images/Planche.png","0.007","0.007","Bois brut","Planche","M3","1","320000.00","0","320000.00"
"19","Pl/2x175x25","1","1","2.00","175","25","1","0","0","8","0","../images/Planche.png","0.009","0.009","Bois brut","Planche","M3","4","335000.00","0","335000.00"
"20","Pl/2x175x22","1","1","2.00","175","22","1","0","0","0","0","../images/Planche.png","0.008","0.008","Bois brut","Planche","M3","4","335000.00","0","335000.00"
"21","Ma/5x100x50","1","2","5.00","100","50","1","0","0","0","0","../images/Madrier.png","0.025","0.025","Bois brut","Madrier","M3","1","320000.00","35","432000.00"
"22","Ma/5x100x63","1","2","5.00","100","63","1","0","0","0","0","../images/Madrier.png","0.032","0.032","Bois brut","Madrier","M3","1","320000.00","35","432000.00"
"23","Ma/5x100x75","1","2","5.00","100","75","1","0","0","0","0","../images/Madrier.png","0.038","0.038","Bois brut","Madrier","M3","1","320000.00","35","432000.00"
"24","Ma/5x125x50","1","2","5.00","125","50","1","0","0","0","0","../images/Madrier.png","0.031","0.031","Bois brut","Madrier","M3","1","320000.00","35","432000.00"
"25","Ma/5x125x63","1","2","5.00","125","63","1","0","0","0","0","../images/Madrier.png","0.039","0.039","Bois brut","Madrier","M3","1","320000.00","35","432000.00"
"26","Ma/5x125x75","1","2","5.00","125","75","1","0","0","0","0","../images/Madrier.png","0.047","0.047","Bois brut","Madrier","M3","1","320000.00","35","432000.00"
"27","Ma/5x150x50","1","2","5.00","150","50","1","0","0","0","0","../images/Madrier.png","0.038","0.038","Bois brut","Madrier","M3","1","320000.00","35","432000.00"
"28","Ma/5x150x63","1","2","5.00","150","63","1","0","0","0","0","../images/Madrier.png","0.047","0.047","Bois brut","Madrier","M3","1","320000.00","35","432000.00"
"29","Ma/5x150x75","1","2","5.00","150","75","1","0","0","0","0","../images/Madrier.png","0.056","0.056","Bois brut","Madrier","M3","1","320000.00","35","432000.00"
"30","Ma/5x175x50","1","2","5.00","175","50","1","0","0","0","0","../images/Madrier.png","0.044","0.044","Bois brut","Madrier","M3","4","335000.00","35","452250.00"
"31","Ma/5x175x63","1","2","5.00","175","63","1","0","0","0","0","../images/Madrier.png","0.055","0.055","Bois brut","Madrier","M3","4","335000.00","35","452250.00"
"32","Ma/5x175x75","1","2","5.00","175","75","1","0","0","0","0","../images/Madrier.png","0.066","0.066","Bois brut","Madrier","M3","4","335000.00","35","452250.00"
"33","Ma/4.5x100x50","1","2","4.50","100","50","1","0","0","0","0","../images/Madrier.png","0.023","0.023","Bois brut","Madrier","M3","1","320000.00","25","400000.00"
"34","Ma/4.5x100x63","1","2","4.50","100","63","1","0","0","0","0","../images/Madrier.png","0.028","0.028","Bois brut","Madrier","M3","1","320000.00","25","400000.00"
"35","Ma/4.5x100x75","1","2","4.50","100","75","1","0","0","0","0","../images/Madrier.png","0.034","0.034","Bois brut","Madrier","M3","1","320000.00","25","400000.00"
"36","Ma/4.5x125x50","1","2","4.50","125","50","1","0","0","0","0","../images/Madrier.png","0.028","0.028","Bois brut","Madrier","M3","1","320000.00","25","400000.00"
"37","Ma/4.5x125x63","1","2","4.50","125","63","1","0","0","0","0","../images/Madrier.png","0.035","0.035","Bois brut","Madrier","M3","1","320000.00","25","400000.00"
"38","Ma/4.5x125x75","1","2","4.50","125","75","1","0","0","0","0","../images/Madrier.png","0.042","0.042","Bois brut","Madrier","M3","1","320000.00","25","400000.00"
"39","Ma/4.5x150x50","1","2","4.50","150","50","1","0","0","0","0","../images/Madrier.png","0.034","0.034","Bois brut","Madrier","M3","1","320000.00","25","400000.00"
"40","Ma/4.5x150x63","1","2","4.50","150","63","1","0","0","0","0","../images/Madrier.png","0.043","0.043","Bois brut","Madrier","M3","1","320000.00","25","400000.00"
"41","Ma/4.5x150x75","1","2","4.50","150","75","1","0","0","0","0","../images/Madrier.png","0.051","0.051","Bois brut","Madrier","M3","1","320000.00","25","400000.00"
"42","Ma/4,5x175x50","1","2","4.50","175","50","1","0","0","0","0","../images/Madrier.png","0.039","0.039","Bois brut","Madrier","M3","4","335000.00","25","418750.00"
"43","Ma/4,5x175x63","1","2","4.50","175","63","1","0","0","0","0","../images/Madrier.png","0.050","0.050","Bois brut","Madrier","M3","4","335000.00","25","418750.00"
"44","Ma/4,5x175x75","1","2","4.50","175","75","1","0","0","0","0","../images/Madrier.png","0.059","0.059","Bois brut","Madrier","M3","4","335000.00","25","418750.00"
"45","Ma/4x100x50","1","2","4.00","100","50","1","0","0","0","0","../images/Madrier.png","0.020","0.020","Bois brut","Madrier","M3","1","320000.00","0","320000.00"
"46","Ma/4x100x63","1","2","4.00","100","63","1","0","0","0","0","../images/Madrier.png","0.025","0.025","Bois brut","Madrier","M3","1","320000.00","0","320000.00"
"47","Ma/4x100x75","1","2","4.00","100","75","1","0","0","0","0","../images/Madrier.png","0.030","0.030","Bois brut","Madrier","M3","1","320000.00","0","320000.00"
"48","Ma/4x125x50","1","2","4.00","125","50","1","0","0","0","0","../images/Madrier.png","0.025","0.025","Bois brut","Madrier","M3","1","320000.00","0","320000.00"
"49","Ma/4x125x63","1","2","4.00","125","63","1","0","0","0","0","../images/Madrier.png","0.032","0.032","Bois brut","Madrier","M3","1","320000.00","0","320000.00"
"50","Ma/4x125x75","1","2","4.00","125","75","1","0","0","0","0","../images/Madrier.png","0.038","0.038","Bois brut","Madrier","M3","1","320000.00","0","320000.00"
"51","Ma/4x150x50","1","2","4.00","150","50","1","0","0","0","0","../images/Madrier.png","0.030","0.030","Bois brut","Madrier","M3","1","320000.00","0","320000.00"
"52","Ma/4x150x63","1","2","4.00","150","63","1","0","0","0","0","../images/Madrier.png","0.038","0.038","Bois brut","Madrier","M3","1","320000.00","0","320000.00"
"53","Ma/4x150x75","1","2","4.00","150","75","1","0","0","0","0","../images/Madrier.png","0.045","0.045","Bois brut","Madrier","M3","1","320000.00","0","320000.00"
"54","Ma/4x175x50","1","2","4.00","175","50","1","0","0","0","0","../images/Madrier.png","0.035","0.035","Bois brut","Madrier","M3","4","335000.00","0","335000.00"
"55","Ma/4x175x63","1","2","4.00","175","63","1","0","0","0","0","../images/Madrier.png","0.044","0.044","Bois brut","Madrier","M3","4","335000.00","0","335000.00"
"56","Ma/4x175x75","1","2","4.00","175","75","1","0","0","0","0","../images/Madrier.png","0.053","0.053","Bois brut","Madrier","M3","4","335000.00","0","335000.00"
"57","Ma/2,5x100x50","1","2","2.50","100","50","1","0","0","0","0","../images/Madrier.png","0.013","0.013","Bois brut","Madrier","M3","4","335000.00","0","335000.00"
"58","Ma/2,5x100x63","1","2","2.50","100","63","1","0","0","0","0","../images/Madrier.png","0.016","0.016","Bois brut","Madrier","M3","4","335000.00","0","335000.00"
"59","Ma/2,5x100x75","1","2","2.50","100","75","1","0","0","0","0","../images/Madrier.png","0.019","0.019","Bois brut","Madrier","M3","4","335000.00","0","335000.00"
"60","Ma/2,5x125x50","1","2","2.50","125","50","1","0","0","0","0","../images/Madrier.png","0.016","0.016","Bois brut","Madrier","M3","4","335000.00","0","335000.00"
"61","Ma/2,5x125x63","1","2","2.50","125","63","1","0","0","0","0","../images/Madrier.png","0.020","0.020","Bois brut","Madrier","M3","4","335000.00","0","335000.00"
"62","Ma/2,5x125x75","1","2","2.50","125","75","1","0","0","0","0","../images/Madrier.png","0.023","0.023","Bois brut","Madrier","M3","4","335000.00","0","335000.00"
"63","Ma/2,5x150x50","1","2","2.50","150","50","1","0","0","0","0","../images/Madrier.png","0.019","0.019","Bois brut","Madrier","M3","4","335000.00","0","335000.00"
"64","Ma/2,5x150x63","1","2","2.50","150","63","1","0","0","0","0","../images/Madrier.png","0.024","0.024","Bois brut","Madrier","M3","4","335000.00","0","335000.00"
"65","Ma/2,5x150x75","1","2","2.50","150","75","1","0","0","0","0","../images/Madrier.png","0.028","0.028","Bois brut","Madrier","M3","4","335000.00","0","335000.00"
"66","Ma/2,5x175x50","1","2","2.50","175","50","1","0","0","0","0","../images/Madrier.png","0.022","0.022","Bois brut","Madrier","M3","4","335000.00","0","335000.00"
"67","Ma/2,5x175x63","1","2","2.50","175","63","1","0","0","0","0","../images/Madrier.png","0.028","0.028","Bois brut","Madrier","M3","4","335000.00","0","335000.00"
"68","Ma/2,5x175x75","1","2","2.50","175","75","1","0","0","0","0","../images/Madrier.png","0.033","0.033","Bois brut","Madrier","M3","4","335000.00","0","335000.00"
"69","Ba/4x100x32","1","3","4.00","100","32","1","0","0","0","0","../images/Battant.png","0.013","0.013","Bois brut","Battant","M3","1","320000.00","0","320000.00"
"70","Ba/4x100x38","1","3","4.00","100","38","1","0","0","0","0","../images/Battant.png","0.015","0.015","Bois brut","Battant","M3","1","320000.00","0","320000.00"
"71","Ba/4x100x44","1","3","4.00","100","44","1","0","0","0","0","../images/Battant.png","0.018","0.018","Bois brut","Battant","M3","1","320000.00","0","320000.00"
"72","Ba/4.5x100x32","1","3","4.50","100","32","1","0","0","0","0","../images/Battant.png","0.014","0.014","Bois brut","Battant","M3","1","320000.00","25","400000.00"
"73","Ba/4.5x100x38","1","3","4.50","100","38","1","0","0","0","0","../images/Battant.png","0.017","0.017","Bois brut","Battant","M3","1","320000.00","25","400000.00"
"74","Ba/4.5x100x44","1","3","4.50","100","44","1","0","0","0","0","../images/Battant.png","0.020","0.020","Bois brut","Battant","M3","1","320000.00","25","400000.00"
"75","Ba/4x125x32","1","3","4.00","125","32","1","0","0","0","0","../images/Battant.png","0.016","0.016","Bois brut","Battant","M3","1","320000.00","0","320000.00"
"76","Ba/4x125x38","1","3","4.00","125","38","1","0","0","0","0","../images/Battant.png","0.019","0.019","Bois brut","Battant","M3","1","320000.00","0","320000.00"
"77","Ba/4x125x44","1","3","4.00","125","44","1","0","0","0","0","../images/Battant.png","0.022","0.022","Bois brut","Battant","M3","1","320000.00","0","320000.00"
"78","Ba/4.5x125x32","1","3","4.50","125","32","1","0","0","0","0","../images/Battant.png","0.018","0.018","Bois brut","Battant","M3","1","320000.00","25","400000.00"
"79","Ba/4.5x125x38","1","3","4.50","125","38","1","0","0","0","0","../images/Battant.png","0.021","0.021","Bois brut","Battant","M3","1","320000.00","25","400000.00"
"80","Ba/4.5x125x44","1","3","4.50","125","44","1","0","0","0","0","../images/Battant.png","0.021","0.025","Bois brut","Battant","M3","1","320000.00","25","400000.00"
"81","Ba/4x150x32","1","3","4.00","150","32","1","0","0","0","0","../images/Battant.png","0.019","0.019","Bois brut","Battant","M3","1","320000.00","0","320000.00"
"82","Ba/4x150x38","1","3","4.00","150","38","1","0","0","0","0","../images/Battant.png","0.023","0.023","Bois brut","Battant","M3","1","320000.00","0","320000.00"
"83","Ba/4x150x44","1","3","4.00","150","44","1","0","0","0","0","../images/Battant.png","0.026","0.026","Bois brut","Battant","M3","1","320000.00","0","320000.00"
"84","Ba/4.5x150x32","1","3","4.50","150","32","1","0","0","0","0","../images/Battant.png","0.022","0.022","Bois brut","Battant","M3","1","320000.00","25","400000.00"
"85","Ba/4.5x150x38","1","3","4.50","150","38","1","0","0","0","0","../images/Battant.png","0.026","0.026","Bois brut","Battant","M3","1","320000.00","25","400000.00"
"86","Ba/4.5x150x44","1","3","4.50","150","44","1","0","0","0","0","../images/Battant.png","0.030","0.030","Bois brut","Battant","M3","1","320000.00","25","400000.00"
"87","Ba/4x175x32","1","3","4.00","175","32","1","0","0","0","0","../images/Battant.png","0.022","0.022","Bois brut","Battant","M3","4","335000.00","0","335000.00"
"88","Ba/4x175x38","1","3","4.00","175","38","1","0","0","0","0","../images/Battant.png","0.027","0.027","Bois brut","Battant","M3","4","335000.00","0","335000.00"
"89","Ba/4x175x44","1","3","4.00","175","44","1","0","0","0","0","../images/Battant.png","0.031","0.031","Bois brut","Battant","M3","4","335000.00","0","335000.00"
"90","Ba/4.5x175x32","1","3","4.50","175","32","1","0","0","0","0","../images/Battant.png","0.025","0.025","Bois brut","Battant","M3","4","335000.00","25","418750.00"
"91","Ba/4.5x175x38","1","3","4.50","175","38","1","0","0","0","0","../images/Battant.png","0.030","0.030","Bois brut","Battant","M3","4","335000.00","25","418750.00"
"92","Ba/4.5x175x44","1","3","4.50","175","44","1","0","0","0","0","../images/Battant.png","0.035","0.035","Bois brut","Battant","M3","4","335000.00","25","418750.00"
"93","Ba/2,5x50x38","1","3","2.50","50","38","1","0","0","0","0","../images/Battant.png","0.005","0.005","Bois brut","Battant","M3","6","345000.00","0","345000.00"
"94","Ba/2,5x100x32","1","3","2.50","100","32","1","0","0","0","0","../images/Battant.png","0.008","0.008","Bois brut","Battant","M3","1","320000.00","0","320000.00"
"95","Ba/2,5x100x38","1","3","2.50","100","38","1","0","0","0","0","../images/Battant.png","0.010","0.010","Bois brut","Battant","M3","1","320000.00","0","320000.00"
"96","Ba/2,5x100x44","1","3","2.50","100","44","1","0","0","0","0","../images/Battant.png","0.011","0.011","Bois brut","Battant","M3","1","320000.00","0","320000.00"
"97","Ba/2,5x125x32","1","3","2.50","125","32","1","0","0","0","0","../images/Battant.png","0.010","0.010","Bois brut","Battant","M3","1","320000.00","0","320000.00"
"98","Ba/2,5x125x38","1","3","2.50","125","38","1","0","0","0","0","../images/Battant.png","0.012","0.012","Bois brut","Battant","M3","1","320000.00","0","320000.00"
"99","Ba/2,5x125x44","1","3","2.50","125","44","1","0","0","0","0","../images/Battant.png","0.014","0.014","Bois brut","Battant","M3","1","320000.00","0","320000.00"
"100","Ba/2,5x150x32","1","3","2.50","150","32","1","0","0","0","0","../images/Madrier.png","0.012","0.012","Bois brut","Battant","M3","1","320000.00","0","320000.00"
"101","Ba/2,5x150x38","1","3","2.50","150","38","1","0","0","0","0","../images/Madrier.png","0.014","0.014","Bois brut","Battant","M3","1","320000.00","0","320000.00"
"102","Ba/2,5x150x44","1","3","2.50","150","44","1","0","0","0","0","../images/Madrier.png","0.017","0.017","Bois brut","Battant","M3","1","320000.00","0","320000.00"
"103","Ba/2,5x175x32","1","3","2.50","175","32","1","0","0","0","0","../images/Madrier.png","0.014","0.014","Bois brut","Battant","M3","4","335000.00","0","335000.00"
"104","Ba/2,5x175x38","1","3","2.50","175","38","1","0","0","0","0","../images/Madrier.png","0.017","0.017","Bois brut","Battant","M3","4","335000.00","0","335000.00"
"105","Ba/2,5x175x44","1","3","2.50","175","44","1","0","0","0","0","../images/Madrier.png","0.019","0.019","Bois brut","Battant","M3","4","335000.00","0","335000.00"
"106","Ba/2x100x32","1","3","2.00","100","32","1","0","0","0","0","../images/Battant.png","0.006","0.006","Bois brut","Battant","M3","1","320000.00","0","320000.00"
"107","Ba/2x100x38","1","3","2.00","100","38","1","0","0","0","0","../images/Battant.png","0.008","0.008","Bois brut","Battant","M3","1","320000.00","0","320000.00"
"108","Ba/2x100x44","1","3","2.00","100","44","1","0","0","0","0","../images/Battant.png","0.009","0.009","Bois brut","Battant","M3","1","320000.00","0","320000.00"
"109","Ba/2x125x32","1","3","2.00","125","32","1","0","0","0","0","../images/Battant.png","0.008","0.008","Bois brut","Battant","M3","1","320000.00","0","320000.00"
"110","Ba/2x125x38","1","3","2.00","125","38","1","0","0","0","0","../images/Battant.png","0.010","0.010","Bois brut","Battant","M3","1","320000.00","0","320000.00"
"111","Ba/2x125x44","1","3","2.00","125","44","1","0","0","0","0","../images/Battant.png","0.011","0.011","Bois brut","Battant","M3","1","320000.00","0","320000.00"
"112","Ba/2x150x32","1","3","2.00","150","32","1","0","0","0","0","../images/Battant.png","0.010","0.010","Bois brut","Battant","M3","4","335000.00","0","335000.00"
"113","Ba/2x150x38","1","3","2.00","150","38","1","0","0","0","0","../images/Battant.png","0.011","0.011","Bois brut","Battant","M3","4","335000.00","0","335000.00"
"114","Ba/2x150x44","1","3","2.00","150","44","1","0","0","0","0","../images/Battant.png","0.013","0.013","Bois brut","Battant","M3","4","335000.00","0","335000.00"
"115","Ba/2x175x32","1","3","2.00","175","32","1","0","0","0","0","../images/Battant.png","0.011","0.011","Bois brut","Battant","M3","4","335000.00","0","335000.00"
"116","Ba/2x175x38","1","3","2.00","175","38","1","0","0","0","0","../images/Battant.png","0.013","0.013","Bois brut","Battant","M3","4","335000.00","0","335000.00"
"117","Ba/2x175x44","1","3","2.00","175","44","1","0","0","0","0","../images/Battant.png","0.015","0.015","Bois brut","Battant","M3","4","335000.00","0","335000.00"
"118","Ch/4x50x50","1","4","4.00","50","50","1","0","0","0","0","../images/Chevron.png","0.010","0.010","Bois brut","Chevron","M3","4","335000.00","0","335000.00"
"119","Ch/4x63x63","1","4","4.00","63","63","1","0","0","0","0","../images/Chevron.png","0.016","0.016","Bois brut","Chevron","M3","3","330000.00","0","330000.00"
"120","Ch/4x75x50","1","4","4.00","75","50","1","0","0","0","0","../images/Chevron.png","0.015","0.015","Bois brut","Chevron","M3","2","325000.00","0","325000.00"
"121","Ch/4x75x75","1","4","4.00","75","75","1","0","0","0","0","../images/Chevron.png","0.023","0.023","Bois brut","Chevron","M3","2","325000.00","0","325000.00"
"122","Ch/4x100x100","1","4","4.00","100","100","1","0","0","0","0","../images/Madrier.png","0.040","0.040","Bois brut","Chevron","M3","1","320000.00","0","320000.00"
"123","Ch/2.5x50x50","1","4","2.50","50","50","1","0","0","0","0","../images/Chevron.png","0.006","0.006","Bois brut","Chevron","M3","4","335000.00","0","335000.00"
"124","Ch/2,5x63x63","1","4","2.50","63","63","1","0","0","0","0","../images/Chevron.png","0.010","0.010","Bois brut","Chevron","M3","3","330000.00","0","330000.00"
"125","Ch/2,5x75x50","1","4","2.50","75","50","1","0","0","0","0","../images/Chevron.png","0.009","0.009","Bois brut","Chevron","M3","2","325000.00","0","325000.00"
"126","Ch/2,5x75x75","1","4","2.50","75","75","1","0","0","0","0","../images/Chevron.png","0.014","0.014","Bois brut","Chevron","M3","2","325000.00","0","325000.00"
"127","Ch/2,5x100x100","1","4","2.50","100","100","1","0","0","0","0","../images/Madrier.png","0.025","0.025","Bois brut","Chevron","M3","1","320000.00","0","320000.00"
"128","Ch/2x50x50","1","4","2.00","50","50","1","0","0","0","0","../images/Chevron.png","0.005","0.005","Bois brut","Chevron","M3","4","335000.00","0","335000.00"
"129","Ch/2x63x63","1","4","2.00","63","63","1","0","0","0","0","../images/Madrier.png","0.008","0.008","Bois brut","Chevron","M3","3","330000.00","0","330000.00"
"130","Ch/2x75x50","1","4","2.00","75","50","1","0","0","0","0","../images/Madrier.png","0.008","0.008","Bois brut","Chevron","M3","2","325000.00","0","325000.00"
"131","Ch/2x75x75","1","4","2.00","75","75","1","0","0","0","0","../images/Madrier.png","0.011","0.011","Bois brut","Chevron","M3","2","325000.00","0","325000.00"
"132","G28p/2.5x28x28","9","42","2.50","28","28","40","0","0","0","0","../images/Gorge.png","0.000","0.002","Bois profile à peindre","Gorge G28","ML","20","1360.00","-15","1156.00"
"133","CJ40p/2.5x40x14","9","45","2.50","40","14","40","0","0","0","0","../images/Couvre-joint.png","0.000","0.001","Bois profile à peindre","Couvre joint CJ40","ML","20","1360.00","-15","1156.00"
"134","F60p/2.5x60x13","9","5","2.50","60","13","20","0","0","0","0","../images/Frisette.png","0.150","0.002","Bois profile à peindre","Latte","M2","32","20418.00","-15","17355.30"
"135","P60p/2.5x60x26","3","5","2.50","60","26","12","0","0","0","0","../images/Parquet.png","0.150","0.004","Bois profile à vernir","Latte","M2","35","26747.00","-15","22734.95"
"136","Pt60p/2.5x60x14","9","39","2.50","60","14","30","0","0","0","0","../images/Plinthe.png","0.000","0.002","Bois profile à peindre","Clin CL105","ML","20","1360.00","-15","1156.00"
"137","F86p/2.5x86x13","9","6","2.50","86","13","14","0","0","0","0","../images/Frisette.png","0.215","0.003","Bois profile à peindre",,"M2","31","19139.00","-15","16268.15"
"138","P86p/2.5x86x26","3","5","2.50","86","26","8","0","0","0","0","../images/Parquet.png","0.215","0.006","Bois profile à vernir","Latte","M2","34","25523.00","-15","21694.55"
"139","CA90p/2.5x90x25","3","5","2.50","90","25","8","0","0","0","0",NULL,"2.500","0.006","Bois profile à vernir","Latte","ML","23","2195.00","-15","1865.75"
"140","Pt90p/2.5x90x14","3","5","2.50","90","14","20","0","0","0","0","../images/Plinthe.png","2.500","0.003","Bois profile à vernir","Latte","ML","21","1577.00","-15","1340.45"
"141","F110p/2.5x110x13","9","5","2.50","110","13","12","0","0","0","0","../images/Frisette.png","0.275","0.004","Bois profile à peindre","Latte","M2","30","17812.00","-15","15140.20"
"142","G28p/2x28x28","3","5","2.00","28","28","50","0","0","0","0","../images/Gorge.png","2.000","0.002","Bois profile à vernir","Latte","ML","20","1360.00","-15","1156.00"
"143","CJ40p/2x40x14","3","25","2.00","40","14","50","0","0","0","0","../images/Couvre-joint.png","0.000","0.001","Bois profile à vernir","Déchet","ML","20","1360.00","-15","1156.00"
"144","F60p/2x60x13","9","5","2.00","60","13","20","0","0","0","0","../images/Frisette.png","0.120","0.002","Bois profile à peindre","Latte","M2","32","20418.00","-15","17355.30"
"145","P60p/2x60x26","9","5","2.00","60","26","15","0","0","0","0","../images/Parquet.png","0.120","0.003","Bois profile à peindre","Latte","M2","35","26747.00","-15","22734.95"
"146","Pt60p/2x60x14","9","39","2.00","60","14","30","0","0","0","0","../images/Plinthe.png","0.120","0.002","Bois profile à peindre","Clin CL105","M2","20","1360.00","-15","1156.00"
"147","F86p/2x86x13","9","6","2.00","86","13","14","0","0","0","0","../images/Frisette.png","0.172","0.002","Bois profile à peindre",,"M2","31","19139.00","-15","16268.15"
"148","P86p/2x86x26","9","22","2.00","86","26","10","0","0","0","0","../images/Parquet.png","0.172","0.004","Bois profile à peindre","Caillebotis","M2","34","25523.00","-15","21694.55"
"149","CA90p/2x90x25","3","5","2.00","90","25","10","0","0","0","0",NULL,"2.000","0.005","Bois profile à vernir","Latte","ML","23","2195.00","-15","1865.75"
"150","Pt90p/2x90x14","3","5","2.00","90","14","20","0","0","0","0","../images/Plinthe.png","2.000","0.003","Bois profile à vernir","Latte","ML","21","1577.00","-15","1340.45"
"151","F110p/2x110x13","3","5","2.00","110","13","12","0","0","0","0","../images/Frisette.png","0.220","0.003","Bois profile à vernir","Latte","M2","30","17812.00","-15","15140.20"
"152","G28p/1.5x28x28","3","5","1.50","28","28","50","0","0","0","0","../images/Gorge.png","1.500","0.001","Bois profile à vernir","Latte","ML","20","1360.00","-15","1156.00"
"153","CJ40p/1.5x40x14","3","5","1.50","40","14","50","0","0","0","0","../images/Couvre-joint.png","1.500","0.001","Bois profile à vernir","Latte","ML","20","1360.00","-15","1156.00"
"154","F60p/1.5x60x13","9","5","1.50","60","13","20","0","0","0","0","../images/Frisette.png","0.090","0.001","Bois profile à peindre","Latte","M2","32","20418.00","-15","17355.30"
"155","P60p/1.5x60x26","3","5","1.50","60","26","21","0","0","0","0","../images/Parquet.png","0.090","0.002","Bois profile à vernir","Latte","M2","35","26747.00","-15","22734.95"
"156","Pt60p/1,5x60x14","9","39","1.50","60","14","30","0","0","0","0","../images/Plinthe.png","0.000","0.001","Bois profile à peindre","Clin CL105","ML","20","1360.00","-15","1156.00"
"157","F86p/1.5x86x13","9","5","1.50","86","13","14","0","0","0","0","../images/Frisette.png","0.129","0.002","Bois profile à peindre","Latte","M2","31","19139.00","-15","16268.15"
"158","P86p/1.5x86x26","3","5","1.50","86","26","10","0","0","0","0","../images/Parquet.png","0.129","0.003","Bois profile à vernir","Latte","M2","34","25523.00","-15","21694.55"
"159","CA90p/1.5x90x25","3","5","1.50","90","25","10","0","0","0","0",NULL,"1.500","0.003","Bois profile à vernir","Latte","ML","23","2195.00","-15","1865.75"
"160","Pt90p/1,5x90x14","3","5","1.50","90","14","20","0","0","0","0","../images/Plinthe.png","1.500","0.002","Bois profile à vernir","Latte","ML","21","1577.00","-15","1340.45"
"161","F110p/1.5x110x13","3","5","1.50","110","13","12","0","0","0","0","../images/Frisette.png","0.165","0.002","Bois profile à vernir","Latte","M2","30","17812.00","-15","15140.20"
"162","G28p/1x28x28","3","5","1.00","28","28","100","0","0","0","0","../images/Gorge.png","1.000","0.001","Bois profile à vernir","Latte","ML","20","1360.00","-15","1156.00"
"163","CJ40p/1x40x14","3","5","1.00","40","14","50","0","0","0","0","../images/Couvre-joint.png","1.000","0.001","Bois profile à vernir","Latte","ML","20","1360.00","-15","1156.00"
"164","F60p/1x60x13","9","5","1.00","60","13","40","0","0","0","0","../images/Frisette.png","0.060","0.001","Bois profile à peindre","Latte","M2","32","20418.00","-15","17355.30"
"165","P60p/1x60x26","3","5","1.00","60","26","30","0","0","0","0","../images/Parquet.png","0.060","0.002","Bois profile à vernir","Latte","M2","35","26747.00","-15","22734.95"
"166","Pt60p/1x60x14","9","39","1.00","60","14","30","0","0","0","0","../images/Plinthe.png","0.000","0.001","Bois profile à peindre","Clin CL105","ML","20","1360.00","-15","1156.00"
"167","F86p/1x86x13","9","5","1.00","86","13","28","0","0","0","0","../images/Frisette.png","0.086","0.001","Bois profile à peindre","Latte","M2","31","19139.00","-15","16268.15"
"168","P86p/1x86x26","3","5","1.00","86","26","20","0","0","0","0","../images/Parquet.png","0.086","0.002","Bois profile à vernir","Latte","M2","34","25523.00","-15","21694.55"
"169","Pt90p/1x90x14","3","5","1.00","90","14","40","0","0","0","0","../images/Plinthe.png","1.000","0.001","Bois profile à vernir","Latte","ML","21","1577.00","-15","1340.45"
"170","F110p/1x110x13","9","5","1.00","110","13","24","0","0","0","0","../images/Frisette.png","0.110","0.001","Bois profile à peindre","Latte","M2","30","17812.00","-15","15140.20"
"171","F60p/0.75x60x13","9","5","0.75","60","13","40","0","0","0","0","../images/Frisette.png","0.045","0.001","Bois profile à peindre","Latte","M2","32","20418.00","-15","17355.30"
"172","P60p/0.75x60x26","3","5","0.75","60","26","30","0","0","0","0","../images/Parquet.png","0.045","0.001","Bois profile à vernir","Latte","M2","35","26747.00","-15","22734.95"
"173","F86p/0.75x86x13","9","5","0.75","86","13","28","0","0","0","0","../images/Frisette.png","0.065","0.001","Bois profile à peindre","Latte","M2","31","19139.00","-15","16268.15"
"174","P86p/0.75x86x26","3","5","0.75","86","26","20","0","0","0","0","../images/Parquet.png","0.065","0.002","Bois profile à vernir","Latte","M2","34","25523.00","-15","21694.55"
"175","F110p/0.75x110x13","3","5","0.75","110","13","24","0","0","0","0","../images/Frisette.png","0.083","0.001","Bois profile à vernir","Latte","M2","30","17812.00","-15","15140.20"
"176","F60p/0.5x60x13","9","5","0.50","60","13","40","0","0","0","0","../images/Frisette.png","0.030","0.000","Bois profile à peindre","Latte","M2","32","20418.00","-15","17355.30"
"177","P60p/0.5x60x26","3","5","0.50","60","26","30","0","0","0","0","../images/Parquet.png","0.030","0.001","Bois profile à vernir","Latte","M2","35","26747.00","-15","22734.95"
"178","F86p/0.5x86x13","9","5","0.50","86","13","28","0","0","0","0","../images/Frisette.png","0.043","0.001","Bois profile à peindre","Latte","M2","31","19139.00","-15","16268.15"
"179","P86p/0.5x86x26","3","5","0.50","86","26","20","0","0","0","0","../images/Parquet.png","0.043","0.001","Bois profile à vernir","Latte","M2","34","25523.00","-15","21694.55"
"180","F110p/0.5x110x13","3","5","0.50","110","13","24","0","0","0","0","../images/Frisette.png","0.055","0.001","Bois profile à vernir","Latte","M2","30","17812.00","-15","15140.20"
"181","G28v/2.5x28x28","3","6","2.50","28","28","40","0","0","0","0","../images/Gorge.png","2.500","0.002","Bois profile à vernir",,"ML","20","1360.00","0","1360.00"
"182","CJ40v/2.5x40x14","3","6","2.50","40","14","40","0","0","0","0","../images/Couvre-joint.png","2.500","0.001","Bois profile à vernir",,"ML","20","1360.00","0","1360.00"
"183","F60v/2.5x60x13","3","6","2.50","60","13","20","0","0","0","0","../images/Frisette.png","0.150","0.002","Bois profile à vernir",,"M2","32","20418.00","0","20418.00"
"184","P60v/2.5x60x26","3","6","2.50","60","26","12","0","0","0","0","../images/Parquet.png","0.150","0.004","Bois profile à vernir",,"M2","35","26747.00","0","26747.00"
"185","Pt60v/2.5x60x14","3","16","2.50","60","14","30","0","0","0","0","../images/Plinthe.png","0.000","0.002","Bois profile à vernir","Plinthe PL60","ML","20","1360.00","0","1360.00"
"186","F86v/2.5x86x13","3","6","2.50","86","13","14","0","0","0","0","../images/Frisette.png","0.215","0.003","Bois profile à vernir",,"M2","31","19139.00","0","19139.00"
"187","P86v/2.5x86x26","3","6","2.50","86","26","8","0","0","0","0","../images/Parquet.png","0.215","0.006","Bois profile à vernir",,"M2","34","25523.00","0","25523.00"
"188","CA90v/2.5x90x25","3","6","2.50","90","25","8","0","0","0","0",NULL,"2.500","0.006","Bois profile à vernir",,"ML","23","2195.00","0","2195.00"
"189","Pt90v/2.5x90x14","3","6","2.50","90","14","20","0","0","0","0","../images/Plinthe.png","2.500","0.003","Bois profile à vernir",,"ML","21","1577.00","0","1577.00"
"190","F110v/2.5x110x13","3","6","2.50","110","13","12","0","0","0","0","../images/Frisette.png","0.275","0.004","Bois profile à vernir",,"M2","30","17812.00","0","17812.00"
"191","G28v/2x28x28","3","6","2.00","28","28","50","0","0","0","0","../images/Gorge.png","2.000","0.002","Bois profile à vernir",,"ML","20","1360.00","0","1360.00"
"192","CJ40v/2x40x14","3","6","2.00","40","14","50","0","0","0","0","../images/Couvre-joint.png","2.000","0.001","Bois profile à vernir",,"ML","20","1360.00","0","1360.00"
"193","F60v/2x60x13","3","6","2.00","60","13","20","0","0","0","0","../images/Frisette.png","0.120","0.002","Bois profile à vernir",,"M2","32","20418.00","0","20418.00"
"194","P60v/2x60x26","3","6","2.00","60","26","15","0","0","0","0","../images/Parquet.png","0.120","0.003","Bois profile à vernir",,"M2","35","26747.00","0","26747.00"
"195","Pt60v/2x60x14","3","16","2.00","60","14","30","0","0","0","0","../images/Plinthe.png","0.000","0.002","Bois profile à vernir","Plinthe PL60","ML","20","1360.00","0","1360.00"
"196","F86v/2x86x13","3","6","2.00","86","13","14","0","0","0","0","../images/Frisette.png","0.172","0.002","Bois profile à vernir",,"M2","31","19139.00","0","19139.00"
"197","P86v/2x86x26","3","6","2.00","86","26","10","0","0","0","0","../images/Parquet.png","0.172","0.004","Bois profile à vernir",,"M2","34","25523.00","0","25523.00"
"198","CA90v/2x90x25","3","6","2.00","90","25","10","0","0","0","0",NULL,"2.000","0.005","Bois profile à vernir",,"ML","23","2195.00","0","2195.00"
"199","Pt90v/2x90x14","3","6","2.00","90","14","20","0","0","0","0","../images/Plinthe.png","2.000","0.003","Bois profile à vernir",,"ML","21","1577.00","0","1577.00"
"200","F110v/2x110x13","3","6","2.00","110","13","12","0","0","0","0","../images/Frisette.png","0.220","0.003","Bois profile à vernir",,"M2","30","17812.00","0","17812.00"
"201","G28v/1.5x28x28","3","6","1.50","28","28","50","0","0","0","0","../images/Gorge.png","1.500","0.001","Bois profile à vernir",,"ML","20","1360.00","0","1360.00"
"202","CJ40v/1.5x40x14","3","6","1.50","40","14","50","0","0","0","0","../images/Couvre-joint.png","1.500","0.001","Bois profile à vernir",,"ML","20","1360.00","0","1360.00"
"203","F60v/1.5x60x13","3","6","1.50","60","13","20","0","0","0","0","../images/Frisette.png","0.090","0.001","Bois profile à vernir",,"M2","32","20418.00","0","20418.00"
"204","P60v/1.5x60x26","3","6","1.50","60","26","21","0","0","0","0","../images/Parquet.png","0.090","0.002","Bois profile à vernir",,"M2","35","26747.00","0","26747.00"
"205","Pt60v/1,5x60x14","3","6","1.50","60","14","30","0","0","0","0","../images/Plinthe.png","1.500","0.001","Bois profile à vernir",,"ML","20","1360.00","0","1360.00"
"206","F86v/1.5x86x13","3","6","1.50","86","13","14","0","0","0","0","../images/Frisette.png","0.129","0.002","Bois profile à vernir",,"M2","31","19139.00","0","19139.00"
"207","P86v/1.5x86x26","3","6","1.50","86","26","10","0","0","0","0","../images/Parquet.png","0.129","0.003","Bois profile à vernir",,"M2","34","25523.00","0","25523.00"
"208","CA90v/1.5x90x25","3","6","1.50","90","25","10","0","0","0","0",NULL,"1.500","0.003","Bois profile à vernir",,"ML","23","2195.00","0","2195.00"
"209","Pt90v/1,5x90x14","3","6","1.50","90","14","20","0","0","0","0","../images/Plinthe.png","1.500","0.002","Bois profile à vernir",,"ML","21","1577.00","0","1577.00"
"210","F110v/1.5x110x13","3","6","1.50","110","13","12","0","0","0","0","../images/Frisette.png","0.165","0.002","Bois profile à vernir",,"M2","30","17812.00","0","17812.00"
"211","G28v/1x28x28","3","6","1.00","28","28","100","0","0","0","0","../images/Gorge.png","1.000","0.001","Bois profile à vernir",,"ML","20","1360.00","0","1360.00"
"212","CJ40v/1x40x14","3","6","1.00","40","14","50","0","0","0","0","../images/Couvre-joint.png","1.000","0.001","Bois profile à vernir",,"ML","20","1360.00","0","1360.00"
"213","F60v/1x60x13","3","6","1.00","60","13","40","0","0","0","0","../images/Frisette.png","0.060","0.001","Bois profile à vernir",,"M2","32","20418.00","0","20418.00"
"214","P60v/1x60x26","3","6","1.00","60","26","30","0","0","0","0","../images/Parquet.png","0.060","0.002","Bois profile à vernir",,"M2","35","26747.00","0","26747.00"
"215","Pt60v/1x60x14","3","6","1.00","60","14","30","0","0","0","0","../images/Plinthe.png","1.000","0.001","Bois profile à vernir",,"ML","20","1360.00","0","1360.00"
"216","F86v/1x86x13","3","6","1.00","86","13","28","0","0","0","0","../images/Frisette.png","0.086","0.001","Bois profile à vernir",,"M2","31","19139.00","0","19139.00"
"217","P86v/1x86x26","3","6","1.00","86","26","20","0","0","0","0","../images/Parquet.png","0.086","0.002","Bois profile à vernir",,"M2","34","25523.00","0","25523.00"
"218","Pt90v/1x90x14","3","6","1.00","90","14","40","0","0","0","0","../images/Parquet.png","1.000","0.001","Bois profile à vernir",,"ML","21","1577.00","0","1577.00"
"219","F110v/1x110x13","3","6","1.00","110","13","24","0","0","0","0","../images/Frisette.png","0.110","0.001","Bois profile à vernir",,"M2","30","17812.00","0","17812.00"
"220","F60v/0.75x60x13","3","6","0.75","60","13","40","0","0","0","0","../images/Frisette.png","0.045","0.001","Bois profile à vernir",,"M2","32","20418.00","0","20418.00"
"221","P60v/0.75x60x26","3","6","0.75","60","26","30","0","0","0","0","../images/Parquet.png","0.045","0.001","Bois profile à vernir",,"M2","35","26747.00","0","26747.00"
"222","F86v/0.75x86x13","3","6","0.75","86","13","28","0","0","0","0","../images/Frisette.png","0.065","0.001","Bois profile à vernir",,"M2","31","19139.00","0","19139.00"
"223","P86v/0.75x86x26","3","6","0.75","86","26","20","0","0","0","0","../images/Parquet.png","0.065","0.002","Bois profile à vernir",,"M2","34","25523.00","0","25523.00"
"224","F110v/0.75x110x13","3","6","0.75","110","13","24","0","0","0","0","../images/Frisette.png","0.083","0.001","Bois profile à vernir",,"M2","30","17812.00","0","17812.00"
"225","F60v/0.5x60x13","3","6","0.50","60","13","40","0","0","0","0","../images/Frisette.png","0.030","0.000","Bois profile à vernir",,"M2","32","20418.00","0","20418.00"
"226","P60v/0.5x60x26","3","6","0.50","60","26","30","0","0","0","0","../images/Parquet.png","0.030","0.001","Bois profile à vernir",,"M2","35","26747.00","0","26747.00"
"227","F86v/0.5x86x13","3","6","0.50","86","13","28","0","0","0","0","../images/Frisette.png","0.043","0.001","Bois profile à vernir",,"M2","31","19139.00","0","19139.00"
"228","P86v/0.5x86x26","3","6","0.50","86","26","20","0","0","0","0","../images/Parquet.png","0.043","0.001","Bois profile à vernir",,"M2","34","25523.00","0","25523.00"
"229","F110v/0.5x110x13","3","6","0.50","110","13","24","0","0","0","0","../images/Frisette.png","0.055","0.001","Bois profile à vernir",,"M2","30","17812.00","0","17812.00"
"230","LC/6x180x65","6","7","6.00","180","65","0","0","0","0","0",NULL,"0.070","0.070","Lamelle-colle","Frisette F60","M3","14","1450000.00","0","1450000.00"
"231","LC/6x225x65","6","7","6.00","225","65","0","0","0","0","0",NULL,"0.088","0.088","Lamelle-colle","Frisette F60","M3","14","1450000.00","0","1450000.00"
"232","LC/6x180x90","6","8","6.00","180","90","0","0","0","0","0",NULL,"0.097","0.097","Lamelle-colle","Frisette F86","M3","13","1300000.00","0","1300000.00"
"233","LC/6.5x225x90","6","8","6.00","225","90","0","0","0","0","0",NULL,"0.122","0.122","Lamelle-colle","Frisette F86","M3","13","1300000.00","0","1300000.00"
"234","LC/6x225x90","6","8","6.00","225","90","0","0","0","0","0",NULL,"0.122","0.122","Lamelle-colle","Frisette F86","M3","13","1300000.00","0","1300000.00"
"235","LC/5x225x90","6","8","5.00","225","90","0","0","0","0","0",NULL,"0.101","0.101","Lamelle-colle","Frisette F86","M3","13","1300000.00","0","1300000.00"
"236","LC/4x225x90","6","8","4.00","225","90","0","0","0","0","0",NULL,"0.081","0.081","Lamelle-colle","Frisette F86","M3","13","1300000.00","0","1300000.00"
"237","LC/8x315x115","6","9","8.00","315","115","0","0","0","0","0",NULL,"0.290","0.290","Lamelle-colle","Frisette F110","M3","13","1300000.00","0","1300000.00"
"238","LC/6x225x115","6","9","6.00","225","115","0","0","0","0","0",NULL,"0.155","0.155","Lamelle-colle","Frisette F110","M3","13","1300000.00","0","1300000.00"
"239","BR/5x160","7","10","6.00","0","0","0","160","0","0","0","../images/Rond.png","6.000","0.121","Bois rond","Frisette P110","ML","26","3675.00","0","3675.00"
"240","BR/6x120","7","10","6.00","0","0","0","120","0","0","0","../images/Rond.png","6.000","0.068","Bois rond","Frisette P110","ML","24","2205.00","0","2205.00"
"241","BR/6x140","7","10","6.00","0","0","0","140","0","0","0","../images/Rond.png","6.000","0.092","Bois rond","Frisette P110","ML","25","2835.00","0","2835.00"
"242","BR/6x160","7","10","6.00","0","0","0","160","0","0","0","../images/Rond.png","6.000","0.121","Bois rond","Frisette P110","ML","26","3675.00","0","3675.00"
"243","BR/5x120","7","10","5.00","0","0","0","120","0","0","0","../images/Rond.png","5.000","0.057","Bois rond","Frisette P110","ML","24","2205.00","0","2205.00"
"244","BR/5x140","7","10","5.00","0","0","0","140","0","0","0","../images/Rond.png","5.000","0.077","Bois rond","Frisette P110","ML","25","2835.00","0","2835.00"
"245","BR/4x100","7","10","4.00","0","0","0","100","0","0","0","../images/Rond.png","4.000","0.031","Bois rond","Frisette P110","ML","22","1733.00","0","1733.00"
"246","BR/4x120","7","10","4.00","0","0","0","120","0","0","0","../images/Rond.png","4.000","0.045","Bois rond","Frisette P110","ML","24","2205.00","0","2205.00"
"247","BR/4x140","7","10","4.00","0","0","0","140","0","0","0","../images/Rond.png","4.000","0.062","Bois rond","Frisette P110","ML","25","2835.00","0","2835.00"
"248","BR/4x160","7","10","4.00","0","0","0","160","0","0","0","../images/Rond.png","4.000","0.080","Bois rond","Frisette P110","ML","26","3675.00","0","3675.00"
"249","BR/4x80","7","10","4.00","0","0","0","80","0","0","0","../images/Rond.png","4.000","0.020","Bois rond","Frisette P110","ML","19","1260.00","0","1260.00"
"250","BR/2.5x100","7","10","2.50","0","0","0","100","0","0","0","../images/Rond.png","2.500","0.020","Bois rond","Frisette P110","ML","22","1733.00","0","1733.00"
"251","BR/2.5x60","7","10","2.50","0","0","0","60","0","0","0","../images/Rond.png","2.500","0.007","Bois rond","Frisette P110","ML","17","893.00","0","893.00"
"252","BR/2.5x70","7","10","2.50","0","0","0","70","0","0","0","../images/Rond.png","2.500","0.010","Bois rond","Frisette P110","ML","18","1050.00","0","1050.00"
"253","BR/2.5x80","7","10","2.50","0","0","0","80","0","0","0","../images/Rond.png","2.500","0.013","Bois rond","Frisette P110","ML","19","1260.00","0","1260.00"
"254","BR/2x100","7","10","2.00","0","0","0","100","0","0","0","../images/Rond.png","2.000","0.016","Bois rond","Frisette P110","ML","22","1733.00","0","1733.00"
"255","BR/2x40","7","10","2.00","0","0","0","40","0","0","0","../images/Rond.png","2.000","0.003","Bois rond","Frisette P110","ML","15","717.00","0","717.00"
"256","BR/2x50","7","10","2.00","0","0","0","50","0","0","0","../images/Rond.png","2.000","0.004","Bois rond","Frisette P110","ML","16","735.00","0","735.00"
"257","BR/2x60","7","10","2.00","0","0","0","60","0","0","0","../images/Rond.png","2.000","0.006","Bois rond","Frisette P110","ML","17","893.00","0","893.00"
"258","BR/2x70","7","10","2.00","0","0","0","70","0","0","0","../images/Rond.png","2.000","0.008","Bois rond","Frisette P110","ML","18","1050.00","0","1050.00"
"259","BR/2x80","7","10","2.00","0","0","0","80","0","0","0","../images/Rond.png","2.000","0.010","Bois rond","Frisette P110","ML","19","1260.00","0","1260.00"
"260","Px/2.5x320x18","8","11","2.50","320","18","0","0","0","0","0",NULL,"0.000","0.000","Panneaux","Panneaux",,"0","1260.00","0","1260.00"
"261","Px/2.5x320x25","8","11","2.50","320","25","0","0","0","0","0",NULL,"0.000","0.000","Panneaux","Panneaux",,"0","1260.00","0","1260.00"
"262","Px/2.5x460x18","8","11","2.50","460","18","0","0","0","0","0",NULL,"0.000","0.000","Panneaux","Panneaux",,"0","1260.00","0","1260.00"
"263","Px/2.5x460x25","8","11","2.50","460","25","0","0","0","0","0",NULL,"0.000","0.000","Panneaux","Panneaux",,"0","1260.00","0","1260.00"
"264","Px/2x320x18","8","11","2.00","320","18","0","0","0","0","0",NULL,"0.000","0.000","Panneaux","Panneaux",,"0","1260.00","0","1260.00"
"265","Px/2x320x25","8","11","2.00","320","25","0","0","0","0","0",NULL,"0.000","0.000","Panneaux","Panneaux",,"0","1260.00","0","1260.00"
"266","Px/2x460x18","8","11","2.00","460","18","0","0","0","0","0",NULL,"0.000","0.000","Panneaux","Panneaux",,"0","1260.00","0","1260.00"
"267","Px/2x460x25","8","11","2.00","460","25","0","0","0","0","0",NULL,"0.000","0.000","Panneaux","Panneaux",,"0","1260.00","0","1260.00"
"268","Dalle caillebotis","5","12","0.50","1","0","0","0","0","0","0",NULL,"1.000","0.000","Produit jardin","PJ","U","0","1260.00","0","1260.00"
"269","Cache-pot","5","12","0.40","0","0","0","0","0","0","0",NULL,"1.000","0.000","Produit jardin","PJ","U","0","1260.00","0","1260.00"
"270","Bac a fleurs","5","12","0.10","1","0","0","0","0","0","0",NULL,"1.000","0.000","Produit jardin","PJ","U","0","1260.00","0","1260.00"
"271","Banc","5","12","0.00","0","0","0","0","0","0","0",NULL,"1.000","0.000","Produit jardin","PJ","U","0","1260.00","0","1260.00"
"272","Chaise","5","12","0.00","0","0","0","0","0","0","0",NULL,"1.000","0.000","Produit jardin","PJ","U","0","1260.00","0","1260.00"
"273","Fauteuil","5","12","0.00","0","0","0","0","0","0","0",NULL,"1.000","0.000","Produit jardin","PJ","U","0","1260.00","0","1260.00"
"274","Poubelle","5","12","0.00","0","0","0","0","0","0","0",NULL,"1.000","0.000","Produit jardin","PJ","U","0","1260.00","0","1260.00"
"275","Table basse","5","12","0.00","0","0","0","0","0","0","0",NULL,"1.000","0.000","Produit jardin","PJ","U","0","1260.00","0","1260.00"
"276","Table de pique-nique","5","12","0.00","0","0","0","0","0","0","0",NULL,"1.000","0.000","Produit jardin","PJ","U","0","1260.00","0","1260.00"
"277","Tabouret","5","12","0.00","0","0","0","0","0","0","0",NULL,"1.000","0.000","Produit jardin","PJ","U","0","1260.00","0","1260.00"
"278","La/2,5x32x32","1","13","2.50","32","32","0","0","0","0","0","../images/Chevron.png","0.003","0.003","Bois brut","Latte","M3","12","1260.00","0","1260.00"
"279","La/2x32x32","1","13","2.00","32","32","0","0","0","0","0","../images/Chevron.png","0.002","0.002","Bois brut","Latte","M3","12","1260.00","0","1260.00"
"280","La/2x38x38","1","13","2.00","38","38","0","0","0","0","0","../images/Chevron.png","0.003","0.003","Bois brut","Latte","M3","11","1260.00","0","1260.00"
"281","Pl/1,5x75x19","4","17","1.50","75","19","0","0","0","0","0","../images/Planche.png","0.002","0.002","Sechoir","Planche","M3","0","1260.00","0","1260.00"
"282","Pl/1,5x100x19","4","17","1.50","100","19","0","0","0","0","0","../images/Planche.png","0.003","0.003","Sechoir","Planche","M3","0","1260.00","0","1260.00"
"283","Pl/1,5x125x19","4","17","1.50","125","19","0","0","0","0","0","../images/Planche.png","0.004","0.004","Sechoir","Planche","M3","0","1260.00","0","1260.00"
"284","Pl/1,5x125x25","4","17","1.50","125","25","0","0","0","0","0","../images/Planche.png","0.005","0.005","Sechoir","Planche","M3","0","1260.00","0","1260.00"
"285","Pl/1x75x19","4","17","1.00","75","19","0","0","0","0","0","../images/Planche.png","0.001","0.001","Sechoir","Planche","M3","0","1260.00","0","1260.00"
"286","Pl/1x100x19","4","17","1.00","100","19","0","0","0","0","0","../images/Planche.png","0.002","0.002","Sechoir","Planche","M3","0","1260.00","0","1260.00"
"287","Ba/1x100x32","1","3","1.00","100","32","0","0","0","0","0","../images/Planche.png","0.003","0.003","Sechoir","Planche","M3","0","1260.00","0","1260.00"
"288","Ba/1x125x32","1","3","1.00","125","32","0","0","0","0","0","../images/Planche.png","0.004","0.004","Sechoir","Planche","M3","0","1260.00","0","1260.00"
"289","Pl/1x125x25","4","17","1.00","125","25","0","0","0","0","0","../images/Planche.png","0.003","0.003","Sechoir","Planche","M3","0","1260.00","0","1260.00"
"290","Pl/0,75x75x19","4","17","0.75","75","19","0","0","0","0","0","../images/Planche.png","0.001","0.001","Sechoir","Planche","M3","0","1260.00","0","1260.00"
"291","Ba/0,75x75x32","1","3","0.75","75","32","0","0","0","0","0","../images/Planche.png","0.002","0.002","Sechoir","Planche","M3","0","1260.00","0","1260.00"
"292","Pl/0,75x75x25","4","17","0.75","75","25","0","0","0","0","0","../images/Planche.png","0.001","0.001","Sechoir","Planche","M3","0","1260.00","0","1260.00"
"293","Pl/0,75x100x19","4","17","0.75","100","19","0","0","0","0","0","../images/Planche.png","0.001","0.001","Sechoir","Planche","M3","0","1260.00","0","1260.00"
"294","BA/0,75x100x32","1","3","0.75","100","32","0","0","0","0","0","../images/Planche.png","0.002","0.002","Sechoir","Planche","M3","0","1260.00","0","1260.00"
"295","Pl/0,75x100x25","4","17","0.75","100","25","0","0","0","0","0","../images/Planche.png","0.002","0.002","Sechoir","Planche","M3","0","1260.00","0","1260.00"
"296","Pl/0,75x125x19","4","17","0.75","125","19","0","0","0","0","0","../images/Planche.png","0.002","0.002","Sechoir","Planche","M3","0","1260.00","0","1260.00"
"297","Ba/0,75x125x32","1","3","0.75","125","32","0","0","0","0","0","../images/Planche.png","0.003","0.003","Sechoir","Planche","M3","0","1260.00","0","1260.00"
"298","Pl/0,75x125x25","4","17","0.75","125","25","0","0","0","0","0","../images/Planche.png","0.002","0.002","Sechoir","Planche","M3","0","1260.00","0","1260.00"
"299","Pl/2,5x75x19","4","17","2.50","75","19","0","0","0","0","0","../images/Planche.png","0.004","0.004","Sechoir","Planche","M3","0","1260.00","0","1260.00"
"300","Pl/2,5x100x19","4","17","2.50","100","19","0","0","0","0","0","../images/Planche.png","0.005","0.005","Sechoir","Planche","M3","0","1260.00","0","1260.00"
"301","Pl/2,5x125x19","4","17","2.50","125","19","0","0","0","0","0","../images/Planche.png","0.006","0.006","Sechoir","Planche","M3","0","1260.00","0","1260.00"
"302","Pl/2x75x19","4","17","2.00","75","19","0","0","0","0","0","../images/Planche.png","0.003","0.003","Sechoir","Planche","M3","0","1260.00","0","1260.00"
"303","Pl/2x100x19","4","17","2.00","100","19","0","0","0","0","0","../images/Planche.png","0.004","0.004","Sechoir","Planche","M3","0","1260.00","0","1260.00"
"304","Ba/2x100x32","4","16","2.00","100","32","0","0","0","0","0","../images/Planche.png","0.006","0.006","Sechoir","Planche","M3","0","1260.00","0","1260.00"
"305","Pl/2x125x19","4","17","2.00","125","19","0","0","0","0","0","../images/Planche.png","0.005","0.005","Sechoir","Planche","M3","0","1260.00","0","1260.00"
"306","Pl/2x125x25","4","17","2.00","125","25","0","0","0","0","0","../images/Planche.png","0.006","0.006","Sechoir","Planche","M3","0","1260.00","0","1260.00"
"307","Ba/1,5x100x32","1","3","1.50","100","32","0","0","0","0","0","../images/Planche.png","0.005","0.005","Sechoir","Planche","M3","0","1260.00","0","1260.00"
"308","Ma/2x100x50","1","2","2.00","100","50","1","0","0","0","0","../images/Madrier.png","0.010","0.010","Bois brut","Madrier","M3","4","335000.00","0","335000.00"
"309","Ma/2x100x63","1","2","2.00","100","63","1","0","0","0","0","../images/Madrier.png","0.013","0.013","Bois brut","Madrier","M3","4","335000.00","0","335000.00"
"310","Ma/2x100x75","1","2","2.00","100","75","1","0","0","0","0","../images/Madrier.png","0.015","0.015","Bois brut","Madrier","M3","4","335000.00","0","335000.00"
"311","Ma/2x125x50","1","2","2.00","125","50","1","0","0","0","0","../images/Madrier.png","0.013","0.013","Bois brut","Madrier","M3","4","335000.00","0","335000.00"
"312","Ma/2x125x63","1","2","2.00","125","63","1","0","0","0","0","../images/Madrier.png","0.016","0.016","Bois brut","Madrier","M3","4","335000.00","0","335000.00"
"313","Ma/2x125x75","1","2","2.00","125","75","1","0","0","0","0","../images/Madrier.png","0.019","0.019","Bois brut","Madrier","M3","4","335000.00","0","335000.00"
"314","Ma/2x150x50","1","2","2.00","150","50","1","0","0","0","0","../images/Madrier.png","0.015","0.015","Bois brut","Madrier","M3","4","335000.00","0","335000.00"
"315","Ma/2x150x63","1","2","2.00","150","63","1","0","0","0","0","../images/Madrier.png","0.019","0.019","Bois brut","Madrier","M3","4","335000.00","0","335000.00"
"316","Ma/2x150x75","1","2","2.00","150","75","1","0","0","0","0","../images/Madrier.png","0.023","0.023","Bois brut","Madrier","M3","4","335000.00","0","335000.00"
"317","Ma/2x175x50","1","2","2.00","175","50","1","0","0","0","0","../images/Madrier.png","0.018","0.018","Bois brut","Madrier","M3","4","335000.00","0","335000.00"
"318","Ma/2x175x63","1","2","2.00","175","63","1","0","0","0","0","../images/Madrier.png","0.022","0.022","Bois brut","Madrier","M3","4","335000.00","0","335000.00"
"319","Ma/2x175x75","1","2","2.00","175","75","1","0","0","0","0","../images/Madrier.png","0.026","0.026","Bois brut","Madrier","M3","4","335000.00","0","335000.00"
"320","Pl/2x100x25","1","1","2.00","100","25","1","0","0","0","0","../images/Planche.png","0.005","0.005","Bois brut","Planche","M3","1","320000.00","0","320000.00"
"321","Pl/2x100x32","1","1","2.00","100","32","1","0","0","0","0","../images/Planche.png","0.006","0.006","Bois brut","Planche","M3","1","320000.00","0","320000.00"
"322","Pl/2x125x25","1","1","2.00","125","25","1","0","0","0","0","../images/Planche.png","0.006","0.006","Bois brut","Planche","M3","1","320000.00","0","320000.00"
"323","Pl/2x125x32","1","1","2.00","125","32","1","0","0","0","0","../images/Planche.png","0.008","0.008","Bois brut","Planche","M3","1","320000.00","0","320000.00"
"324","Pl/1,5x150x19","4","17","1.50","150","19","0","0","0","0","0","../images/Planche.png","0.004","0.004","Sechoir","Planche","M3","0","1260.00","0","1260.00"
"325","Pl/1,5x75x25","4","17","1.50","75","25","0","0","0","0","0","../images/Planche.png","0.003","0.003","Sechoir","Planche","M3","0","1260.00","0","1260.00"
"326","Pl/1,5x100x25","4","17","1.50","100","25","0","0","0","0","0","../images/Planche.png","0.004","0.004","Sechoir","Planche","M3","0","1260.00","0","1260.00"
"327","Pl/1,5x150x25","4","17","1.50","150","25","0","0","0","0","0","../images/Planche.png","0.006","0.006","Sechoir","Planche","M3","0","1260.00","0","1260.00"
"328","Pl/1x125x19","4","17","1.00","125","19","0","0","0","0","0","../images/Planche.png","0.002","0.002","Sechoir","Planche","M3","0","1260.00","0","1260.00"
"329","Pl/1x150x19","4","17","1.00","150","19","0","0","0","0","0","../images/Planche.png","0.003","0.003","Sechoir","Planche","M3","0","1260.00","0","1260.00"
"330","Pl/1x75x25","4","17","1.00","75","25","0","0","0","0","0","../images/Planche.png","0.002","0.002","Sechoir","Planche","M3","0","1260.00","0","1260.00"
"331","Pl/1x100x25","4","17","1.00","100","25","0","0","0","0","0","../images/Planche.png","0.003","0.003","Sechoir","Planche","M3","0","1260.00","0","1260.00"
"332","Pl/1x150x25","4","17","1.00","150","25","0","0","0","0","0","../images/Planche.png","0.004","0.004","Sechoir","Planche","M3","0","1260.00","0","1260.00"
"333","Ba/1x75x32","1","3","1.00","75","32","0","0","0","0","0","../images/Planche.png","0.002","0.002","Sechoir","Planche","M3","0","1260.00","0","1260.00"
"334","Pl/0.75x150x19","4","17","0.75","150","19","0","0","0","0","0","../images/Planche.png","0.002","0.002","Sechoir","Planche","M3","0","1260.00","0","1260.00"
"335","Pl/0,75x150x25","4","17","0.75","150","25","0","0","0","0","0","../images/Planche.png","0.003","0.003","Sechoir","Planche","M3","0","1260.00","0","1260.00"
"336","Pl/2,5x150x19","4","17","2.50","150","19","0","0","0","0","0","../images/Planche.png","0.007","0.007","Sechoir","Planche","M3","0","1260.00","0","1260.00"
"337","Pl/2x150x19","4","17","2.00","150","19","0","0","0","0","0","../images/Planche.png","0.006","0.006","Sechoir","Planche","M3","0","1260.00","0","1260.00"
"338","Pl/2x75x25","4","17","2.00","75","25","0","0","0","0","0","../images/Planche.png","0.004","0.004","Sechoir","Planche","M3","0","1260.00","0","1260.00"
"339","Pl/2x100x25","4","17","2.00","100","25","0","0","0","0","0","../images/Planche.png","0.005","0.005","Sechoir","Planche","M3","0","1260.00","0","1260.00"
"340","Pl/2x150x25","4","17","2.00","150","25","0","0","0","0","0","../images/Planche.png","0.008","0.008","Sechoir","Planche","M3","0","1260.00","0","1260.00"
"341","Ba/2x75x32","4","16","2.00","75","32","0","0","0","0","0","../images/Planche.png","0.005","0.005","Sechoir","Planche","M3","0","1260.00","0","1260.00"
"342","Ba/1,5x75x32","1","3","1.50","75","32","0","0","0","0","0","../images/Planche.png","0.004","0.004","Sechoir","Planche","M3","0","1260.00","0","1260.00"
"343","Pl/4.5x100x16","1","1","4.50","100","16","1","0","0","0","0","../images/Planche.png","0.007","0.007","Bois brut","Planche","M3","1","320000.00","25","320000.00"
"344","Pl/4.5x125x16","1","1","4.50","125","16","1","0","0","0","0","../images/Planche.png","0.009","0.009","Bois brut","Planche","M3","1","320000.00","25","320000.00"
"345","Pl/4.5x150x16","1","1","4.50","150","16","1","0","0","0","0","../images/Planche.png","0.011","0.011","Bois brut","Planche","M3","1","320000.00","25","320000.00"
"346","Pl/4.5x175x16","1","1","4.50","175","16","1","0","0","0","0","../images/Planche.png","0.013","0.013","Bois brut","Planche","M3","4","335000.00","25","335000.00"
"347","Pl/4.5x100x19","1","1","4.50","100","19","1","0","0","0","0","../images/Planche.png","0.009","0.009","Bois brut","Planche","M3","1","320000.00","25","320000.00"
"348","Pl/4.5x125x19","1","1","4.50","125","19","1","0","0","0","0","../images/Planche.png","0.011","0.011","Bois brut","Planche","M3","1","320000.00","25","320000.00"
"349","Pl/4.5x150x19","1","1","4.50","150","19","1","0","0","0","0","../images/Planche.png","0.013","0.013","Bois brut","Planche","M3","1","320000.00","25","320000.00"
"350","Pl/4.5x175x19","1","1","4.50","175","19","1","0","0","0","0","../images/Planche.png","0.015","0.015","Bois brut","Planche","M3","4","335000.00","25","335000.00"
"351","Pl/4.5x100x22","1","1","4.50","100","22","1","0","0","0","0","../images/Planche.png","0.010","0.010","Bois brut","Planche","M3","1","320000.00","25","320000.00"
"352","Pl/4.5x125x22","1","1","4.50","125","22","1","0","0","0","0","../images/Planche.png","0.012","0.012","Bois brut","Planche","M3","1","320000.00","25","320000.00"
"353","Pl/4.5x150x22","1","1","4.50","150","22","1","0","0","0","0","../images/Planche.png","0.015","0.015","Bois brut","Planche","M3","1","320000.00","25","320000.00"
"354","Pl/4.5x175x22","1","1","4.50","175","22","1","0","0","0","0","../images/Planche.png","0.017","0.017","Bois brut","Planche","M3","4","335000.00","25","335000.00"
"355","Pl/4.5x100x25","1","1","4.50","100","25","1","0","0","0","0","../images/Planche.png","0.011","0.011","Bois brut","Planche","M3","1","320000.00","25","320000.00"
"356","Pl/4.5x125x25","1","1","4.50","125","25","1","0","0","0","0","../images/Planche.png","0.014","0.014","Bois brut","Planche","M3","1","320000.00","25","320000.00"
"357","Pl/4.5x150x25","1","1","4.50","150","25","1","0","0","0","0","../images/Planche.png","0.017","0.017","Bois brut","Planche","M3","1","320000.00","25","320000.00"
"358","Pl/4.5x175x25","1","1","4.50","175","25","1","0","0","0","0","../images/Planche.png","0.020","0.020","Bois brut","Planche","M3","4","335000.00","25","335000.00"
"359","Pl/4x100x16","1","1","4.00","100","16","1","0","0","0","0","../images/Planche.png","0.006","0.006","Bois brut","Planche","M3","1","320000.00","0","320000.00"
"360","Pl/4x125x16","1","1","4.00","125","16","1","0","0","0","0","../images/Planche.png","0.008","0.008","Bois brut","Planche","M3","1","320000.00","0","320000.00"
"361","Pl/4x150x16","1","1","4.00","150","16","1","0","0","0","0","../images/Planche.png","0.010","0.010","Bois brut","Planche","M3","1","320000.00","0","320000.00"
"362","Pl/4x175x16","1","1","4.00","175","16","1","0","0","0","0","../images/Planche.png","0.011","0.011","Bois brut","Planche","M3","4","335000.00","0","335000.00"
"363","Pl/4x100x19","1","1","4.00","100","19","1","0","0","0","0","../images/Planche.png","0.008","0.008","Bois brut","Planche","M3","1","320000.00","0","320000.00"
"364","Pl/4x125x19","1","1","4.00","125","19","1","0","0","0","0","../images/Planche.png","0.010","0.010","Bois brut","Planche","M3","1","320000.00","0","320000.00"
"365","Pl/4x150x19","1","1","4.00","150","19","1","0","0","0","0","../images/Planche.png","0.011","0.011","Bois brut","Planche","M3","1","320000.00","0","320000.00"
"366","Pl/4x175x19","1","1","4.00","175","19","1","0","0","0","0","../images/Planche.png","0.013","0.013","Bois brut","Planche","M3","4","335000.00","0","335000.00"
"367","Pl/2,5x100x16","1","1","2.50","100","16","1","0","0","0","0","../images/Planche.png","0.004","0.004","Bois brut","Planche","M3","1","320000.00","0","320000.00"
"368","Pl/2,5x125x16","1","1","2.50","125","16","1","0","0","0","0","../images/Planche.png","0.005","0.005","Bois brut","Planche","M3","1","320000.00","0","320000.00"
"369","Pl/2,5x150x16","1","1","2.50","150","16","1","0","0","0","0","../images/Planche.png","0.006","0.006","Bois brut","Planche","M3","1","320000.00","0","320000.00"
"370","Pl/2,5x175x16","1","1","2.50","175","16","1","0","0","0","0","../images/Planche.png","0.007","0.007","Bois brut","Planche","M3","4","335000.00","0","335000.00"
"371","Pl/2,5x100x19","1","1","2.50","100","19","1","0","0","0","0","../images/Planche.png","0.005","0.005","Bois brut","Planche","M3","1","320000.00","0","320000.00"
"372","Pl/2,5x125x19","1","1","2.50","125","19","1","0","0","0","0","../images/Planche.png","0.006","0.006","Bois brut","Planche","M3","1","320000.00","0","320000.00"
"373","Pl/2,5x150x19","1","1","2.50","150","19","1","0","0","0","0","../images/Planche.png","0.007","0.007","Bois brut","Planche","M3","1","320000.00","0","320000.00"
"374","Pl/2,5x175x19","1","1","2.50","175","19","1","0","0","0","0","../images/Planche.png","0.008","0.008","Bois brut","Planche","M3","4","335000.00","0","335000.00"
"375","Pl/2x150x16","1","1","2.00","150","16","1","0","0","0","0","../images/Planche.png","0.005","0.005","Bois brut","Planche","M3","1","320000.00","0","320000.00"
"376","Pl/2x175x16","1","1","2.00","175","16","1","0","0","0","0","../images/Planche.png","0.006","0.006","Bois brut","Planche","M3","4","335000.00","0","335000.00"
"377","Pl/2x150x19","1","1","2.00","150","19","1","0","0","0","0","../images/Planche.png","0.006","0.006","Bois brut","Planche","M3","1","320000.00","0","320000.00"
"378","Pl/2x175x19","1","1","2.00","175","19","1","0","0","0","0","../images/Planche.png","0.007","0.007","Bois brut","Planche","M3","4","335000.00","0","335000.00"
"379","Ma/2x100x50","1","2","2.00","100","50","1","0","0","0","0","../images/Madrier.png","0.010","0.010","Bois brut","Madrier","M3","4","335000.00","0","335000.00"
"380","Ma/2x125x50","1","2","2.00","125","50","1","0","0","0","0","../images/Madrier.png","0.013","0.013","Bois brut","Madrier","M3","4","335000.00","0","335000.00"
"381","Ma/2x150x50","1","2","2.00","150","50","1","0","0","0","0","../images/Madrier.png","0.015","0.015","Bois brut","Madrier","M3","4","335000.00","0","335000.00"
"382","Ma/2x175x50","1","2","2.00","175","50","1","0","0","0","0","../images/Madrier.png","0.018","0.018","Bois brut","Madrier","M3","4","335000.00","0","335000.00"
"383","Ma/2x100x63","1","2","2.00","100","63","1","0","0","0","0","../images/Madrier.png","0.013","0.013","Bois brut","Madrier","M3","4","335000.00","0","335000.00"
"384","Ma/2x125x63","1","2","2.00","125","63","1","0","0","0","0","../images/Madrier.png","0.016","0.016","Bois brut","Madrier","M3","4","335000.00","0","335000.00"
"385","Ma/2x150x63","1","2","2.00","150","63","1","0","0","0","0","../images/Madrier.png","0.019","0.019","Bois brut","Madrier","M3","4","335000.00","0","335000.00"
"386","Ma/2x175x63","1","2","2.00","175","63","1","0","0","0","0","../images/Madrier.png","0.022","0.022","Bois brut","Madrier","M3","4","335000.00","0","335000.00"
"387","Ma/2x100x75","1","2","2.00","100","75","1","0","0","0","0","../images/Madrier.png","0.015","0.015","Bois brut","Madrier","M3","4","335000.00","0","335000.00"
"388","Ma/2x125x75","1","2","2.00","125","75","1","0","0","0","0","../images/Madrier.png","0.019","0.019","Bois brut","Madrier","M3","4","335000.00","0","335000.00"
"389","Ma/2x150x75","1","2","2.00","150","75","1","0","0","0","0","../images/Madrier.png","0.023","0.023","Bois brut","Madrier","M3","4","335000.00","0","335000.00"
"390","Ma/2x175x75","1","2","2.00","175","75","1","0","0","0","0","../images/Madrier.png","0.026","0.026","Bois brut","Madrier","M3","4","335000.00","0","335000.00"
"391","Ma/2x100x50","4","18","2.00","100","50","0","0","0","0","0","../images/Planche.png","0.010","0.010","Sechoir","Planche","M3","0","1260.00","0","1260.00"
"392","Ma/2x125x50","4","18","2.00","125","50","0","0","0","0","0","../images/Planche.png","0.008","0.013","Sechoir","Planche","M3","0","1260.00","0","1260.00"
"393","Ma/1,5x100x50","4","18","1.50","100","50","0","0","0","0","0","../images/Planche.png","0.008","0.008","Sechoir","Planche","M3","0","1260.00","0","1260.00"
"394","Ma/1x100x50","4","18","1.00","100","50","0","0","0","0","0","../images/Planche.png","0.005","0.005","Sechoir","Planche","M3","0","1260.00","0","1260.00"
"395","Ma/1x125x50","4","18","1.00","125","50","0","0","0","0","0","../images/Planche.png","0.006","0.006","Sechoir","Planche","M3","0","1260.00","0","1260.00"
"396","MA/0,75x100x50","4","18","0.75","100","50","0","0","0","0","0","../images/Planche.png","0.004","0.004","Sechoir","Planche","M3","0","1260.00","0","1260.00"
"397","Ma/0,75x125x50","4","18","0.75","125","50","0","0","0","0","0","../images/Planche.png","0.005","0.005","Sechoir","Planche","M3","0","1260.00","0","1260.00"
"401","Pl/2,5x50x19","4","17","2.50","50","19","0","0","0","0","0","../images/Planche.png","0.002","0.002","Sechoir","Planche","M3","0","1260.00","0","1260.00"
"402","Pl/2,5x50x25","4","17","2.50","50","25","0","0","0","0","0","../images/Planche.png","0.003","0.003","Sechoir","Planche","M3","0","1260.00","0","1260.00"
"403","Pl/2,5x75x25","4","17","2.50","75","25","0","0","0","0","0","../images/Planche.png","0.005","0.005","Sechoir","Planche","M3","0","1260.00","0","1260.00"
"404","Pl/2,5x100x25","4","17","2.50","100","25","0","0","0","0","0","../images/Planche.png","0.006","0.006","Sechoir","Planche","M3","0","1260.00","0","1260.00"
"405","Pl/2,5x125x25","4","17","2.50","125","25","0","0","0","0","0","../images/Planche.png","0.008","0.008","Sechoir","Planche","M3","0","1260.00","0","1260.00"
"406","Pl/2,5x150x25","4","17","2.50","150","25","0","0","0","0","0","../images/Planche.png","0.009","0.009","Sechoir","Planche","M3","0","1260.00","0","1260.00"
"407","Ba/5x125x44","1","3","5.00","125","44","1","0","0","0","0","../images/Battant.png","0.021","0.028","Bois brut","Battant","M3","1","320000.00","35","320000.00"
"408","Ba/5.5x125x44","1","3","5.50","125","44","1","0","0","0","0","../images/Battant.png","0.030","0.030","Bois brut","Battant","M3","1","320000.00","50","320000.00"
"409","Ba/2.5x100x32","4","16","2.50","100","32","0","0","0","0","0","../images/Planche.png","0.006","0.008","Sechoir","Planche","M3","0","1260.00","0","1260.00"
"410","Ba/2.5x75x32","4","16","2.50","75","32","0","0","0","0","0","../images/Planche.png","0.005","0.006","Sechoir","Planche","M3","0","1260.00","0","1260.00"
"411","Ma/2.5x100x50","4","18","2.50","100","50","0","0","0","0","0","../images/Planche.png","0.010","0.013","Sechoir","Planche","M3","0","1260.00","0","1260.00"
"412","Ma/2.5x125x50","4","18","2.50","125","50","0","0","0","0","0","../images/Planche.png","0.008","0.016","Sechoir","Planche","M3","0","1260.00","0","1260.00"
"413","Ma/2.5x150x50","4","18","2.50","150","50","0","0","0","0","0","../images/Planche.png","0.015","0.019","Sechoir","Planche","M3","0","1260.00","0","1260.00"
"414","Ma/2.5x175x50","4","18","2.50","175","50","0","0","0","0","0","../images/Planche.png","0.018","0.022","Sechoir","Planche","M3","0","1260.00","0","1260.00"
"415","Ma/2.5x100x75","4","18","2.50","100","75","0","0","0","0","0","../images/Planche.png","0.010","0.019","Sechoir","Planche","M3","0","1260.00","0","1260.00"
"416","Ma/2.5x125x75","4","18","2.50","125","75","0","0","0","0","0","../images/Planche.png","0.008","0.023","Sechoir","Planche","M3","0","1260.00","0","1260.00"
"417","Ma/2.5x150x75","4","18","2.50","150","75","0","0","0","0","0","../images/Planche.png","0.015","0.028","Sechoir","Planche","M3","0","1260.00","0","1260.00"
"418","Ma/2.5x175x75","4","18","2.50","175","75","0","0","0","0","0","../images/Planche.png","0.018","0.033","Sechoir","Planche","M3","0","1260.00","0","1260.00"
"419","Ma/2x150x50","4","18","2.00","150","50","0","0","0","0","0","../images/Planche.png","0.015","0.015","Sechoir","Planche","M3","0","1260.00","0","1260.00"
"420","Ma/2x175x50","4","18","2.00","175","50","0","0","0","0","0","../images/Planche.png","0.018","0.018","Sechoir","Planche","M3","0","1260.00","0","1260.00"
"421","DossL","4","23","2.50","0","0","0","0","0","0","0",,"0.000","0.000","Bois énergie","Dosse","ML","1","320000.00","0","320000.00"
"422","Doss PM","4","23","2.50","0","0","0","0","0","0","0",,"0.000","0.000","Bois énergie","Dosse","ML","41","320000.00","0","320000.00"
"425","Ch/4x150x150","1","4","4.00","150","150","1","0","0","10","10","../images/Chevron.png","0.090","0.000",NULL,NULL,"M3","1","320000.00","0","320000.00"
"426","Kitay1","4","24","1.00","1","0","1","0","1","0","0",,"0.000","0.000",NULL,NULL,,"45","0.00","0","0.00"
"427","BR 40","7","49","0.00","0","0","0","40","0","0","0",NULL,"0.000","0.000",NULL,NULL,"ML","15","0.00","0","0.00"
